Adamantoise|46||Gold Saucer|Purchased from the Gold Saucer Attendant for  200,000 MGP.|1|1|0|2.5
Aeturna|308||Deep Dungeons|Awarded from the Achievement   Vintage Vogue by speaking with Koh Rabntah while in possession of all four of the enaretos accessories.|1|1|0|6.35
Aerodynamics System|91||PvP|Awarded from the Achievement   In a Blaze of Glory V by winning 100 Frontline PvP matches on Fields of Glory with any of the Grand Companies.|1|1|0|3.3
Ahriman|9||Achievements|Purchased from Jonathas in Old Gridania for  6 Achievement Certificates.|1|1|0|2.0
Air Force|156||Raids|Guaranteed drop upon completion of  Sigmascape V4.0 (Savage).|1|1|0|4.2
Air-wheeler A9|343||Purchased with Gil|Purchased from Neon in Solution Nine for  7,500,000 gil.|1|1|0|7.0
Air-wheeler C9|382||Raids|Guaranteed drop upon completion of  AAC Cruiserweight M4 (Savage).|4|1|0|7.2
Aithon|28||Trials|Random drop upon completion of  The Bowl of Embers (Extreme).|1|1|0|2.2
Al-iklil|246||Field Operations (Save the Queen)|Attain the Achievement   A Complete History by collecting all 50 Field Record entries.|2|1|0|5.5
Albino Karakul|209||Ishgardian Restoration|Purchased from Enie in The Firmament for  8,400 Skybuilders' Scrips.|1|1|0|5.2
Alkonost|281||Treasure Hunt|Purchased from Nesvaaz in Radz-at-Han (10.6, 10) for 3   Resplendent Feathers.|1|1|0|6.1
Alpaca|344||Quest Reward (Main Scenario Quests)|Reward for completing the Main Scenario Quest Dawntrail.|1|1|0|7.0
Alte Roite|126||Raids|Guaranteed drop upon completion of  Deltascape V4.0 (Savage)|1|1|0|4.0
Amaro|187||Leveling|Awarded from the Achievement   A Life of Adventure IV by getting every Disciple of War and Disciple of Magic that starts below level 80 (excluding Reaper and Sage) to level 80.|1|1|0|5.0
Amber Draught Chocobo|52||Campaigns|Purchased from any Calamity Salvager for 8   Gold Chocobo Feathers. Gold Chocobo Feathers can be obtained through the Recruit a Friend campaign, or through World Population Balancing Incentives.|2|1|0|3.0
Ancient Airship|383||Field Operations (Occult Crescent)|Purchase from the Expedition Antiquarian in South Horn for  5,000 Enlightenment Silver Pieces.|4|1|0|7.25
Anden III|311||Custom Deliveries|Complete the quest A Labor of Leaf which requires Custom Delivery level 5 with Anden.|1|1|0|6.3
Antelope Doe|242||Ishgardian Restoration|Purchased from Enie in The Firmament for  8,400 Skybuilders' Scrips.|1|1|0|5.5
Antelope Stag|243||Ishgardian Restoration|Purchased from Enie in The Firmament for 30   Fête Tokens.|1|1|0|5.5
Apocryphal Bahamut|328||Trials - Quest reward|Reward for completing the Sidequest "Wings of Hope" after acquiring the 7 Lynx mounts from Endwalker extreme trials.|1|1|0|6.5
Aquamarine Carbuncle|138||Online Store|Final Fantasy XIV Online Store - ($24 / £13.80 / €16.80 / ¥2530) (account-wide)|1|1|1|4.1
Archon Throne|110||Gold Saucer|Purchased from the Gold Saucer Attendant for  750,000 MGP.|1|1|0|3.5
Argos|263||Quest Reward (Main Scenario Quests)|Complete the level 90 Main Scenario Quest Endwalker.|1|1|0|6.0
Arion|237||Collector's Edition|Purchase the Collector's Edition or Digital Collector's Edition of Endwalker. (account-wide)|1|1|1|6.0
Ark|327||Collector's Edition|Purchase the Collector's Edition or Digital Collector's Edition of Dawntrail. (account-wide)|1|1|1|7.0
Arrhidaeus|101||Raids|Guaranteed drop upon completion of  Alexander - The Soul of the Creator (Savage).|1|1|0|3.4
Astrope|83||Mentor System|Awarded from the Achievement   I Hope Mentor Will Notice Me VI by completing 2,000 duties via the  Duty Roulette: Mentor.|2|1|0|3.3
Auspicious Kamuy|144||Trials|Random drop upon completion of  The Jade Stoa (Extreme) or purchased from Eschina for 99   Byakko Totems.|1|1|0|4.2
Automatoise|353||The Hunt|Purchased from Ryubool Ja at Tuliyollal (X:13.9 Y:13.5)  for  3,200 Sack of Nuts.|1|1|0|7.0
Barreltender|356||Gathering|Purchased from Splendors Vendor in Solution Nine (X:9.1, Y:13.2) for 100   Mount Tokens (effectively  100,000 Orange Gatherers' Scrips).|1|1|0|7.1
Brachiosaur|283||The Hunt|Purchased from Ryubool Ja at Tuliyollal (X:13.9 Y:13.5)  for  3,200 Sack of Nuts.|1|1|0|7.1
Branchbearer|381||Society merchant|Purchased from Veerul Ja for  18 Mamool Ja Nanook after achieving Trusted (rank 4) reputation with the Mamool Ja society.|1|1|0|7.25
Battle Bear|123||Duties as a Tank|Awarded from the Achievement   Tank You, Warrior III by completing 300 dungeons (lv. 61 and above), extreme trials (lv. 61 and above), high-level duty roulette dungeons, or duty roulette leveling duties as a   Warrior.|1|1|0|4.0
Battle Lion|122||Duties as a Tank|Awarded from the Achievement   Tank You, Paladin III by completing 300 dungeons (lv. 61 and above), extreme trials (lv. 61 and above), high-level duty roulette dungeons, or duty roulette leveling duties as a   Paladin.|1|1|0|4.0
Battle Panther|124||Duties as a Tank|Awarded from the Achievement   Tank You, Dark Knight III by completing 300 dungeons (lv. 61 and above), extreme trials (lv. 61 and above), high-level duty roulette dungeons, or duty roulette leveling duties as a   Dark Knight.|1|1|0|4.0
Battle Tiger|197||Duties as a Tank|Awarded from the Achievement   Tank You, Gunbreaker III by completing 300 dungeons (lv. 61 and above), extreme trials (lv. 61 and above), high-level duty roulette dungeons, or duty roulette leveling duties as a   Gunbreaker.|1|1|0|5.0
Behemoth|18||Achievements|Purchased from Jonathas in Old Gridania for  6 Achievement Certificates.|1|1|0|2.1
Bennu|74||Online Store|Final Fantasy XIV Online Store - ($24 / £13.80 / €16.80 / ¥2530) (account-wide)|1|1|1|3.25
Big Shell|236||Ishgardian Restoration|Purchased from Enie in The Firmament (x12.0,y14.0) for  8,400 Skybuilders' Scrip|1|1|0|5.4
Black Chocobo|45||Quest Reward (Main Scenario Quests)|Reward for completing Divine Intervention.|1|1|0|3.0
Black Pegasus|100||Deep Dungeons|Random drop from   Gold-trimmed Sacks obtained in Floors 151-200 of  Palace of the Dead.|1|1|0|3.4
Blackjack|312||Gold Saucer|Purchased from the Gold Saucer Attendant for  4,000,000 MGP.|4|1|0|6.3
Blissful Kamuy|115||Trials|Random drop upon completion of  Emanation (Extreme) or purchased from Eschina for 99   Bliss Totems.|1|1|0|4.0
Bluefeather Lynx|293||Trials|Random drop upon completion of  The Minstrel's Ballad: Endsinger's Aria or purchased from Nesvaaz for 99   Ultimatum Totems.|1|1|0|6.1
Bomb Palanquin|27||Society merchant|Purchased from Kobold Vendor for  120,000 gil after achieving Trusted (rank 4) reputation with the Kobold Tribe.|1|1|0|2.2
Boreas|43||Trials|Random drop upon completion of  The Akh Afah Amphitheatre (Extreme).|1|1|0|2.4
Broken Heart (left)|153||Seasonal Event|Reward for completing the Seasonal Event Quest Lessons in Love. Purchased from the House Valentione Maid for 6 Valentione's Day Chocolates during Valentione's Day (2018). Final Fantasy XIV Online Store - ($12 / £7.44 / €9 / ¥1320)|1|1|1|4.2
Broken Heart (right)|152||Seasonal Event|Reward for completing the Seasonal Event Quest Lessons in Love. Purchased from the House Valentione Maid for 6 Valentione's Day Chocolates during Valentione's Day (2018). Final Fantasy XIV Online Store - ($12 / £7.44 / €9 / ¥1320)|1|1|1|4.2
Burabura Chochin|321||Variant Dungeons|Awarded from the Achievement   Mononopeke by unlocking all exorcism records on  Mount Rokkon.|1|1|0|6.45
Calydontis|266||Wondrous Tails|Purchased from Khloe Aliapoh for 1   Khloe's Gold Certificate of Commendation. Purchased from Faux Commander in Idyllshire (x5.7,y6.1) for  600 Faux Leaf|1|1|0|6.0
Cavalry Drake|19||Society merchant|Purchased from Amalj'aa Vendor for  120,000 gil after achieving Trusted (rank 4) reputation with the Amalj'aa Tribe.|1|1|0|2.1
Cavalry Elbst|26||Society merchant|Purchased from Sahagin Vendor for  120,000 gil after achieving Trusted (rank 4) reputation with the Sahagin Tribe.|1|1|0|2.2
Centurio Tiger|127||The Hunt (Elite Marks)|Awarded from the Achievement   You Got Game by defeating 3,000 Rank A Elite Marks and 2,000 Rank S Elite Marks.|1|1|0|4.0
Cerberus|235||Field Operations (Save the Queen)|Awarded from the Achievement   Savage Queen of Swords I by completing the level 80 duty  Delubrum Reginae (Savage).|4|1|0|5.4
Ceremony Chocobo|41||Online Store|Included with a Gold or Platinum Ceremony of Eternal Bonding plan: Final Fantasy XIV Online Store - ($10 / £5.75 / €7 / ¥1100) (Gold Plan) Final Fantasy XIV Online Store - ($20 / £11.50 / €14 / ¥2200) (Platinum Plan).|2|1|1|2.4
Chocobo Carriage|222||Online Store|Final Fantasy XIV Online Store - ($35.99 / £23.99 / €28.99 / ¥3960) (account-wide)|4|1|1|5.3
Chocorpokkur|240||Promotion|Lawson promotional event (Japan) Butterfinger promotion (May 2021, North America) Twitter sweepstakes (July 2023) Twitch viewer campaign (July 2024)|1|0|0|5.4
Chrysomallos|317||Purchased with Gil|Purchased from Edelina in Mor Dhona (x22,y5) for  50,000,000 gil.|1|1|0|6.3
Circus Ahriman|194||Seasonal Event|Reward for completing the Seasonal Event Quest Fear and Delight during All Saints' Wake (2019). Final Fantasy XIV Online Store - ($12 / £7.44 / €9 / ¥1320)|1|1|1|5.0
Citrine Carbuncle|139||Online Store|Final Fantasy XIV Online Store - ($24 / £13.80 / €16.80 / ¥2530) (account-wide)|1|1|1|4.1
Cloud Mallow|86||Society merchant|Purchased from Mogmul Mogbelly in The Churning Mists (x16,y29) for  200,000 gil after achieving Rank 7 (Sworn) with the Moogle Tribe.|1|1|0|3.3
Coeurl|8||Collector's Edition|Reward for purchasing the Collector's Edition or Digital Collector's Edition of A Realm Reborn. (account-wide)|1|1|1|2.0
Company Chocobo|1||Grand company|Purchased from The Immortal Flames, The Order of the Twin Adder or The Maelstrom vendor for 200 Company Seals after joining one of the Grand Companies.|1|1|0|2.0
Construct 14|213||Field Operations (Save the Queen)|Purchased from Resistance Quartermaster in  The Bozjan Southern Front for  180 Bozjan Clusters.|1|1|0|5.35
Construct VI-S|248||Faux Hollows|Purchased from Faux Commander in Idyllshire (x5.7,y6.1) for  600 Faux Leaf|1|1|0|5.4
Construct VII|204||PvP|Awarded from the Achievement   One Steppe at a Time V by winning 100 Frontline PvP matches on Onsal Hakair with any of the Grand Companies.|1|1|0|5.15
Crescent Moon|329||Online Store|Final Fantasy XIV Online Store - ($24 / £13.80 / €16.80 / ¥2530) (account-wide)|1|1|1|6.5
Cruise Chaser|247||Online Store|Final Fantasy XIV Online Store - ($24 / £13.80 / €16.80 / ¥2530) (account-wide)|2|1|1|5.5
Dais Of Darkness|361||Chaotic Alliance Raid|Random drop upon completion of  The Cloud of Darkness (Chaotic) or purchased from Uah'shepya in Solution Nine (8.6, 13.5) for 75   Clouddark Demimateria II.|1|1|0|7.15
Dark Lanner|90||Trials|Random drop upon completion of  The Minstrel's Ballad: Nidhogg's Rage or purchased from Bertana for 99   Horde Totems.|1|1|0|3.3
Deinonychus|212||Field Operations (Save the Queen)|Drops in The Dalriada - Final Boss Chest|1|1|0|5.55
Demi-Ozma|186||Field Operations (Eureka)|Awarded from the Achievement "  We're on Your Side I" by completing  The Baldesion Arsenal in  The Forbidden Land, Eureka Hydatos.|1|1|0|4.5
Demi-Phoinix|265||Raids|Guaranteed drop upon completion of  Asphodelos: The Fourth Circle (Savage).|1|1|0|6.05
Demon Haul|372||Field Operations (Occult Crescent)|Attain the achievement   A Fork to Be Reckoned With I by completing  The Forked Tower: Blood.|1|1|0|7.25
Demonic Lanner|104||Trials|Random drop upon completion of  Containment Bay Z1T9 (Extreme) or purchased from Bertana for 99   Demon Totems.|1|1|0|3.5
Dhalmel|208||Ishgardian Restoration|Potential reward from the Kupo of Fortune.|1|1|0|5.21
Diamond Gwiber|249||Trials|Random drop upon completion of  The Cloud Deck (Extreme) or purchased from C'intana for 99   Diamond Totems.|1|1|0|5.5
Direwolf|35||Society merchant|Purchased from Ixali Vendor in North Shroud (X:24.9 Y:22.7) for  120,000 gil after achieving Sworn (Rank 7) reputation with the Ixali Tribe.|1|1|0|2.35
Disembodied Head|92||Deep Dungeons|Purchased with 10   Gelmorran Potsherds from E-Una-Kotor in the South Shroud at Quarrymill (x25,y20.6). Gelmorran Potsherds are obtained from  Palace of the Dead.|1|1|0|3.35
Dodo|159||Deep Dungeons|Random drop from   Platinum-haloed Sacks received on floors 71-100 of  Heaven-on-High.|1|1|0|4.35
Draught Chocobo|34||Campaigns (Recruit a Friend)|Recruit a friend through the Recruit a Friend Campaign. The recruiter will receive the Draught Chocobo after the friend has subscribed for 90 days.|2|1|0|2.3
Dreadnaught|264||PvP (ranked)|Awarded to the Top 100 players of each data center at the end of The Feast (Season 20)|1|0|0|6.0
Eden|234||Raids|Guaranteed drop upon completion of  Eden's Promise: Eternity (Savage)|1|1|0|5.4
Ehll Tou|230||Custom Deliveries|Reward for completing the Feature Quest On Ehll Tou's Wings after achieving level 5 satisfaction with Ehll Tou through Custom Deliveries.|1|1|0|5.3
Eggeater|357||Faux Hollows|Purchased from Faux Commander in Idyllshire (x5.7,y6.1) for  600 Faux Leaf|1|1|0|7.2
Eggshilaration System|106||Seasonal Event|Reward for completing the Seasonal Event Quest Eggsistential Crisis during Hatching-tide (2017). Final Fantasy XIV Online Store - ($12 / £7.44 / €9 / ¥1320)|1|1|1|3.5
Eldthurs|178||Field Operations (Eureka)|Random drop from Gold Coffers in  The Forbidden Land, Eureka Pyros.|1|1|0|4.45
Emerald Gwiber|238||Trials|Random drop upon completion of  Castrum Marinum (Extreme) or purchased from C'intana for 99   Emerald Totems.|1|1|0|5.4
Enbarr|31||Trials|Random drop upon completion of  The Whorleater (Extreme).|1|1|0|2.2
Epimetheus|202||PvP (ranked)|Awarded to the Top 100 players of each data center at the end of The Feast (Season 14)|1|0|0|5.2
Eurekan Petrel|184||Field Operations (Eureka)|Random drop from Gold Coffers in  The Forbidden Land, Eureka Hydatos.|1|1|0|4.5
Euphonious Kamuy|172||Trials|Random drop upon completion of  Hells' Kier (Extreme) or purchased from Eschina for 99   Suzaku Totems.|1|1|0|4.4
Fae Gwiber|189||Trials|Random drop upon completion of  The Dancing Plague (Extreme) or purchased from Fathard for 99   King Totems.|1|1|0|5.0
Kamuy of the Nine Tails|181||Trials - Quest reward|Reward for completing the Sidequest A Lone Wolf No More after acquiring the 7 Kamuy mounts from Stormblood extreme trials.|1|1|0|4.5
Falcon|112||Promotion|Fly the Falcon Mount Campaign (July - September, 2017) Moogle Treasure Trove events.|1|0|0|4.05
Fat Chocobo|25||Collector's Edition|Reward for purchasing the Collector's Edition or Digital Collector's Edition of A Realm Reborn. (account-wide)|1|1|1|2.2
Fat Black Chocobo|177||Promotion|Amazon.com promotion for purchasing $20 of video games (June - July, 2019)Twitch campaign (June - August, 2021) Twitter sweepstakes (August 2023).|1|0|0|4.5
Fat Moogle|84||Online Store|Final Fantasy XIV Online Store - ($29.99 / £19.99 / €23.99 / ¥2310) (account-wide)|2|1|1|3.35
Fatter Cat|171||Online Store|Final Fantasy XIV Online Store - ($24 / £13.80 / €16.80 / ¥2530) (account-wide)|1|1|1|4.45
Fenrir|49||Gold Saucer|Purchased from the Gold Saucer Attendant for  1,000,000 MGP.|1|1|0|2.51
Firebird|105||Trials - Quest reward|Reward for completing the Sidequest "Fiery Wings, Fiery Hearts" after acquiring the 7 Lanner mounts from Heavensward extreme trials.|1|1|0|3.5
Flame Warsteed|38||PvP|Awarded from the Achievement   A Line in the Sand IV by winning 100 Frontline PvP matches with The Immortal Flames (as the real Grand Company, not the one assigned during the match).|1|1|0|2.3
Flying Chair|140||Crafting (Alchemist)|Crafted by an   Alchemist Level 70★★ with Master Alchemist V. Requires 8   Cloudsbreaths, 1   Riviera Armchair.|1|1|0|4.1
Flying Cumulus|81||Promotion|Amazon.com promotion for purchasing $20 of video games (April - May, 2017) Twitter sweepstakes (June 2023).|1|0|0|3.5
Forgiven Reticence|207||The Hunt|Purchased from Xylle at The Crystarium or Ilfroy at Eulmore for  3,200 Sack of Nuts.|1|1|0|5.1
Fylgja|280||PvP Series Malmstones|PvP Series 2 Malmstones - Lvl 25 reward Purchased from Crystal Quartermaster - Wolves' Den Pier for  5,000|1|1|0|6.2
Gabriel α|224||Field Operations (Save the Queen)|Random drop from   Southern Front Lockboxes obtained in  The Bozjan Southern Front.|1|1|0|5.35
Gabriel Mark III|241||Field Operations (Save the Queen)|Dropped in level 80 duty  Delubrum Reginae|1|1|0|5.45
Garlond GL-II|277||Island Sanctuary|Purchased from Horrendous Hoarder in Unnamed Island (12.6, 28.3) for  24,000 Seafarer's Cowrie.|1|1|0|6.2
Garlond GL-IIT|335||Island Sanctuary|Purchased from Horrendous Hoarder in Unnamed Island (12.6, 28.3) for  100,000 Seafarer's Cowrie.|2|1|0|6.5
Garlond GL-IS|318||Online Store|Final Fantasy XIV Online Store - ($37 / £25 / €32 / ¥4070) (account-wide)|2|1|1|6.4
Gilded Magitek Armor|21||Player Commendations|Awarded from the Achievement   Everybody's Darling by getting 500 Player Commendations.|1|1|0|2.1
Gilded Mikoshi|252||Purchased with Gil|Purchased from Edelina in Mor Dhona (x22,y5) for  50,000,000 gil.|1|1|0|5.5
Ginga|96||PvP (Collaboration Event)|Awarded from the Achievement   Frontline Fury by winning 10 Frontline or Rival Wings PvP matches with a Garo title.|1|1|0|3.5
Gloria-class Airship|80||PvP|Awarded from the Achievement   Blood Born IV by winning 200 matches in The Feast or Crystalline Conflict.|1|1|0|3.2
Gobwalker|58||Raids|Guaranteed drop upon completion of  Alexander - The Burden of the Father (Savage).|1|1|0|3.05
Goobbue|4||Legacy|Reward for people who played the 1.0 version of Final Fantasy XIV.|1|0|0|1.20b
Goten|95||PvP (Collaboration Event)|Awarded from the Achievement   Fatal Feast by winning 30 The Feast or Crystalline Conflict PvP matches with a Garo title.|1|1|0|3.5
Great Vessel of Ronka|215||Society merchant|Purchased from Yuqurl Manl in Rak'tika Greatwood for  18 Qitari Compliments after achieving Rank 7 (Sworn) reputation with the Qitari Tribe.|1|1|0|5.2
Griffin|54||Collector's Edition|Reward for purchasing the Collector's Edition or Digital Collector's Edition of Heavensward. (account-wide)|1|1|1|3.0
Grani|170||Collector's Edition|Reward for purchasing the Collector's Edition or Digital Collector's Edition of Shadowbringers. (account-wide)|1|1|1|5.0
Gullfaxi|30||Trials|Random drop upon completion of  The Navel (Extreme).|1|1|0|2.2
Gwiber of Light|226||Trials|Random drop upon completion of  The Seat of Sacrifice (Extreme) or purchased from Fathard for 99   Totems of Light.|1|1|0|5.3
Hallowed Kamuy|182||Trials|Random drop upon completion of  The Wreath of Snakes (Extreme) or purchased from Eschina for 99   Seiryu Totems.|1|1|0|4.5
High Mobility Vacuum Suit|385||Achievements|Complete the   Out of This World achivement by earning a cosmic class score of 500,000 points as every Disciple of the Hand and Land..|1|1|0|7.21
Hippo Cart|287||Society merchant|Purchased from Ghanta in Thavnair for  18 Arkasodara Pana after achieving Rank 7 (Sworn) reputation with the Arkasodara Tribe.|1|1|0|6.15
His Royal Headness On Parade|388||Online Store|Final Fantasy XIV Online Store - ($24 / £13.80 / €16.80 / ¥2530) (account-wide)|1|1|1|7.2
Hovering Hot Pot|362||??????|??????|1|1|0|7.2
Hybodus|218||Gathering (Fisher)|Complete the achievement   No More Fish in the Sea II by scoring at least 10,000 points during a single ocean fishing voyage.|1|1|0|5.2
Incitatus|231||Wondrous Tails|Purchased from Khloe Aliapoh for 1   Khloe's Gold Certificate of Commendation Purchased from Faux Commander in Idyllshire (x5.7,y6.1) for  600 Faux Leaf|1|1|0|5.3
Indigo Whale|160||Online Store|Final Fantasy XIV Online Store - ($29.99 / £19.99 / €23.99 / ¥2310) (account-wide)|2|1|1|4.4
Innocent Gwiber|192||Trials|Random drop upon completion of  The Crown of the Immaculate (Extreme) or purchased from Fathard for 99   Immaculate Totems.|1|1|0|5.0
Ironfrog Mover|191||FATE reward|Purchased from Fathard for 12   Formidable Cogs from the FATE A Finale Most Formidable.|1|1|0|5.0
Island Adenium|340||Island Sanctuary|Randomly drops from   Sanctuary Materiel Container, or can be purchased from Horrendous Hoarder in Unnamed Island (12.6, 28.3) for 200   Vegetal Voucher.|1|1|0|6.5
Island Alligator|286||Island Sanctuary|Purchased from Horrendous Hoarder in Unnamed Island (12.6, 28.3) for  35,000 Seafarer's Cowrie.|1|1|0|6.3
Island Buffalo|282||Island Sanctuary|Purchased from Horrendous Hoarder in Unnamed Island (12.6, 28.3) for  50,000 Seafarer's Cowrie.|1|1|0|6.4
Island Eggplant Knight|257||Island Sanctuary|Purchased from Horrendous Hoarder in Unnamed Island (12.6, 28.3) for  12,000 Seafarer's Cowrie.|1|1|0|6.2
Island Garlic Jester|258||Island Sanctuary|Purchased from Horrendous Hoarder in Unnamed Island (12.6, 28.3) for  18,000 Seafarer's Cowrie.|1|1|0|6.4
Island Mandragora|255||Island Sanctuary|Purchased from Horrendous Hoarder in Unnamed Island (12.6, 28.3) for  12,000 Seafarer's Cowrie.|1|1|0|6.2
Island Mandragora Queen|260||Island Sanctuary|Purchased from Horrendous Hoarder in Unnamed Island (12.6, 28.3) for  18,000 Seafarer's Cowrie.|1|1|0|6.4
Island Onion Prince|256||Island Sanctuary|Purchased from Horrendous Hoarder in Unnamed Island (12.6, 28.3) for  12,000 Seafarer's Cowrie.|1|1|0|6.2
Island Peerifool|339||Island Sanctuary|Randomly drops from   Sanctuary Materiel Container|1|1|0|6.5
Island Tomato King|259||Island Sanctuary|Purchased from Horrendous Hoarder in Unnamed Island (12.6, 28.3) for  18,000 Seafarer's Cowrie.|1|1|0|6.4
Ixion|130||FATE reward|Purchased from Eschina for 12   Ixion Horns from the FATE A Horse Outside.|1|1|0|4.0
Jibanyan Couch|228||Collaboration Event|Awarded from the Achievement   More Inventory Slots, Please II by obtaining all 17 Yo-kai Weapons during the Collaboration Event Yo-kai Watch: Gather One, Gather All!.|1|0|0|5.3
Juedi|166||Deep Dungeons|Speak with the Cast-off Confederate with all 4 Empyrean Accessories from  Heaven-on-High in your inventory.|1|1|0|4.35
Kingly Peacock|214||Online Store|Final Fantasy XIV Online Store - ($24 / £13.80 / €16.80 / ¥2530) (account-wide)|1|1|1|5.2
Kirin|47||Trials - Quest reward|Reward for completing the Sidequest "A Legend for a Legend" after acquiring the 6 Nightmare Mounts (excluding the one called "Nightmare") from A Realm Reborn extreme trials.|1|1|0|2.5
Kongamato|72||Society merchant|Purchased from Vath Stickpeddler for  200,000 gil after achieving Sworn (Rank 7) reputation with the Vath Tribe.|1|1|0|3.2
Korpokkur Kolossus|142||Gold Saucer|Purchased from the Gold Saucer Attendant for  750,000 MGP|1|1|0|4.1
Landerwaffe|245||Trials - Quest reward|Reward for completing the Sidequest "The Dragon Made" after acquiring the 7 Gwiber mounts from Shadowbringers extreme trials.|2|1|0|5.5
Laurel Goobbue|20||Society merchant|Purchased from Sylphic Vendor for  120,000 gil after achieving Trusted (Rank 4) reputation with the Sylph Tribe.|1|1|0|2.1
Legacy Chocobo|5||Legacy|The Legacy Campaign, a loyalty reward available to players who stuck with 1.x during the rough periods and subscribed to the game for at least 90 days.|1|0|0|2.0
Legendary Kamuy|133||Trials|Random drop upon completion of  The Minstrel's Ballad: Shinryu's Domain or purchased from Eschina for 99   Shinryu Totems.|1|1|0|4.1
Level Checker|268||FATE reward|Purchased from Nesvaaz in Radz-at-Han (x11,y10) for 12   Chi Bolt from the FATE Omicron Recall: Killing Order|1|1|0|6.0
Logistics Node|167||PvP Series Malmstones|PvP Series 3 Malmstones - Lvl 15 reward|1|0|0|6.3
Logistics System|48||PvP|Awarded from the Achievement   Behind Enemy Lines I by winning 200 Frontline PvP matches with any Grand Company.|1|1|0|2.5
Lone Faehound|113||PvP (ranked)|Awarded to the Top 100 players of each data center at the end of The Feast (Season 4).|1|0|0|4.0
Lone Hellhound|108||PvP (ranked)|Awarded to the Top 100 players of each data center at the end of The Feast (Season 3).|1|0|0|3.55a
Lunar Kamuy|158||Trials|Random drop upon completion of  The Minstrel's Ballad: Tsukuyomi's Pain or purchased from Eschina for 99   Lunar Totems.|1|1|0|4.3
Lunar Whale|233||Online Store|Final Fantasy XIV Online Store - ($42 / £28 / €33 / ¥4620) (account-wide)|8|1|1|5.5
Lynx of Abyssal Grief|332||Trials|Random drop upon completion of  The Abyssal Fracture (Extreme).|1|1|0|6.5
Lynx of Divine Light|262||Trials|Random drop upon completion of  The Minstrel's Ballad: Hydaelyn's Call or purchased from Nesvaaz for 99   Umbral Totems.|1|1|0|6.0
Lynx of Eternal Darkness|261||Trials|Random drop upon completion of  The Minstrel's Ballad: Zodiark's Fall or purchased from Nesvaaz for 99   Astral Totems.|1|1|0|6.0
Lynx of Fallen Shadow|325||Trials|Drops from  The Voidcast Dais (Extreme) or purchased from Nesvaaz for 99   Voidcast Archfiend Totems.|1|1|0|6.4
Lynx of Imperious Wind|306||Trials|Random drop upon completion of  Storm's Crown (Extreme) or purchased from Nesvaaz for 99   Windswept Archfiend Totems.|1|1|0|6.2
Lynx of Righteous Fire|315||Trials|Random drop upon completion of  Mount Ordeals (Extreme)  or purchased from Nesvaaz for 99   Flamecloaked Archfiend Totems.|1|1|0|6.3
Magicked Bed|193||Crafting (Carpenter)|Crafted by a   Carpenter Level 80★ with Master Carpenter VII. Requires 3   Enchanted Elm Lumbers, 4   Undyed Velveteens and 4   Cloudsbreaths.|1|1|0|5.05
Magicked Card|254||Triple Triad Cards|Complete the quest The Adventurer with All the Cards after collecting all Triple Triad Cards numbered 1 through 312.|1|1|0|5.55
Magicked Carpet|175||Online Store|Final Fantasy XIV Online Store - ($24 / £13.80 / €16.80 / ¥2530) (account-wide)|1|1|1|4.5
Magicked Children's Bed|324||Wondrous Tails|Purchased from Khloe Aliapoh for 1   Khloe's Gold Certificate of Commendation Purchased from Faux Commander in Idyllshire (x5.7,y6.1) for  600 Faux Leaf|1|1|0|6.4
Magicked Parasol|301||Online Store|Final Fantasy XIV Online Store - ($24 / £13.80 / €16.80 / ¥2530) (account-wide)|1|1|1|6.3
Magicked Umbrella|300||Online Store|Final Fantasy XIV Online Store - ($24 / £13.80 / €16.80 / ¥2530) (account-wide)|1|1|1|6.3
Magitek Armor|6||Quest Reward (Main Scenario Quests)|Reward for completing the Main Scenario Quest The Ultimate Weapon.|1|1|0|2.0
Magitek Avenger|141||PvP|Awarded from the achievement   Die Another Day III by winning 100 Rival Wings PvP matches.|1|1|0|4.15
Magitek Avenger A1|185||PvP|Awarded from the Achievement   Out of Hiding by winning 100 Rival Wings PvP matches on Hidden Gorge.|1|1|0|4.55
Magitek Avenger G1|316||Purchased with Gil|Purchased from Edelina in Mor Dhona (x22,y5) for  50,000,000 gil.|1|1|0|6.3
Magitek Conveyor|162||PvP (ranked)|Awarded to the Top 100 players of each data center at the end of The Feast (Season 7)|1|0|0|4.3
Magitek Death Claw|145||Achievements|Purchased from Jonathas in Old Gridania for  6 Achievement Certificates.|1|1|0|4.2
Magitek Hyperconveyor|229||PvP (ranked)|Awarded to the Top 100 players of each data center at the end of The Feast (Season 16).|1|0|0|5.3
Magitek Predator|121||Dungeons|Random drop upon completion of  Ala Mhigo.|1|1|0|4.0
Magitek Slasher|390||PvP Series Malmstones|PvP Series 8 Malmstones - Lvl 25 reward|1|1|0|7.2
Magitek Sky Armor|174||PvP|Purchased from the Mark Quartermaster in The Wolves' Den for  20,000 Wolf Marks.|1|1|0|4.4
Magna Roader|176||PvP (ranked)|Awarded to the Top 100 players of each data center at the end of The Feast (Season 11).|1|0|0|4.5
Manacutter|55||Quest Reward (Main Scenario Quests)|Reward for completing the Main Scenario Quest Into the Aery.|1|1|0|3.0
Managarm|93||Campaigns|Purchased from any Calamity Salvager for 8   Gold Chocobo Feathers. Gold Chocobo Feathers can be obtained through the Recruit a Friend campaign, or through World Population Balancing Incentives.|1|1|0|4.1
Marid|146||Society merchant|Purchased from Madhura in Gyr Abania for  18 Ananta Dreamstaff after achieving Rank 7 (Sworn) reputation with the Ananta Tribe.|1|1|0|4.2
Markab|40||Trials|Random drop upon completion of  The Striking Tree (Extreme)|1|1|0|2.3
Maxima Roader|179||PvP (ranked)|Awarded to the Top 100 players of each data center at the end of The Feast (Season 12).|1|0|0|4.5
Mechanical Lotus|279||Online Store|Final Fantasy XIV Online Store - ($24 / £13.80 / €16.80 / ¥2530) (account-wide)|1|1|1|6.2
Megaloambystoma|319||Raids|Drops from  Anabaseios: The Twelfth Circle (Savage).|1|1|0|6.4
Megalotragus|225||Ishgardian Restoration|Purchased from Enie in The Firmament for  8,400 Skybuilders' Scrips.|1|1|0|5.31
Megashiba|294||Online Store|Final Fantasy XIV Online Store - ($24 / £13.80 / €16.80 / ¥2530) (account-wide)|1|1|1|6.1
Mehwapyarra|348||FATE reward|Purchased from Uah'shepya in Solution Nine (X:8.6, Y:13.5) for 12   Ttokrrone Scales from the FATE The Serpentlord Seethes.|1|1|0|7.0
Menoetius|203||PvP (ranked)|Awarded to the Top 100 players of each data center at the end of The Feast (Season 15).|1|0|0|5.2
Midgardsormr|50||Quest Reward (Main Scenario Quests)|Reward for completing the Main Scenario Quest Fetters of Lament.|1|1|0|3.0
Mikoshi|164||Society merchant|Purchased from Gyosho in The Azim Steppe for  20 Namazu Koban after achieving Rank 8 (Bloodsworn) reputation with the Namazu Tribe.|1|1|0|4.3
Miw Miisv|298||Society merchant|Purchased from N-0598 in Ultima Thule for  18 Omicron Omnitoken upon reaching Sworn (Rank 7) reputation.|1|1|0|6.25
Moon-hopper|285||Society merchant|Purchased from Coiningway in Mare Lamentorum for  18 upon reaching Sworn (Rank 7) reputation.|1|1|0|6.35
Model O|173||Raids|Guaranteed drop upon completion of  Alphascape V4.0 (Savage).|1|1|0|4.4
Monowheel S1|349||Raids|Guaranteed drop upon completion of  AAC Light-heavyweight M4 (Savage).|1|1|0|7.05
Morbol|200||Raids|Awarded from the Achievement   True Blue. The achievement is acquired by getting the Achievements   Blue Unchained and   Masked Conqueror by clearing  The Binding Coil of Bahamut - Turn 5,  The Second Coil of Bahamut - Turn 4,  The Final Coil of Bahamut - Turn 4,  Alexander - The Burden of the Father (Savage),  Alexander - The Burden of the Son (Savage), and  Alexander - The Soul of the Creator (Savage) with a synced full party of Blue Mages without the use of The Echo.|1|1|0|5.15
Mountain Zu|354||Promotion|Mountain Dew Gaming promotion for redeeming 3-6 marked bottles (May 16 - July 14, 2024 in North America).|1|0|0|7.0
Mystic Panda|97||Online Store|Final Fantasy XIV Online Store - ($24 / £13.80 / €16.80 / ¥2530) (account-wide)|1|1|1|4.1
Nezha Chariot|135||Online Store|Final Fantasy XIV Online Store - ($24 / £13.80 / €16.80 / ¥2530) (account-wide)|1|1|1|4.2
Nightmare|22||Trials|Random drop upon completion of  The Howling Eye (Extreme),  The Navel (Extreme) or  The Bowl of Embers (Extreme).|1|1|0|2.1
Oppressor|331||PvP Series Malmstones|PvP Series 6 Malmstones - Lvl 25 reward|1|0|0|7.0
Original Fat Chocobo|82||Promotion|Amazon.com promotion for purchasing $20 of video games (June - July, 2016) Twitter sweepstakes (May 2023).|1|0|0|3.2
Orthos Craklaw|292||Deep Dungeons|Random drop from   Gold-tinged Sacks received on floors 71-100 of  Eureka Orthos|1|1|0|6.35
Outrunner|347||Leveling|Awarded from the Achievement   A Life of Adventure VI by getting every Disciple of War and Disciple of Magic to level 100.|1|1|0|7.0
Pack Faehound|114||PvP (ranked)|Awarded to the Top 100 players of each data center at the end of The Feast (Season 4).|1|0|0|4.0
Pack Hellhound|109||PvP (ranked)|Awarded to the Top 100 players of each data center at the end of The Feast (Season 3).|1|0|0|3.55a
Papa Paissa|269||Online Store|Final Fantasy XIV Online Store - ($24 / £13.80 / €16.80 / ¥2530) (account-wide)|1|1|1|6.0
Parade Chocobo|44||Player Commendations|Awarded from the Achievement   Leaving a Better Impression II by getting 3,000 Player Commendations.|1|1|0|2.4
Peatie|336||Seasonal Event|Acquired during the Little Ladies' Day & Hatching-tide (2024) Seasonal Event. Final Fantasy XIV Online Store - ($12 / £7.44 / €9 / ¥1320)|1|1|1|6.5
Pegasus|67||Ishgardian Restoration|Purchased from Enie in The Firmament for  4,200 Skybuilders' Scrips.|1|1|0|3.1
Petalodus|373||Field Operations|Purchase from the Expedition Antiquarian in South Horn for 99|1|1|0|7.25
Phaethon|313||Treasure Hunt|Purchased from Nesvaaz in Radz-at-Han (10.6, 10) for 3   Burning Horns obtained from  The Shifting Gymnasion Agonon.|1|1|0|6.3
Pinky|314||Treasure Hunt|Purchased from Nesvaaz in Radz-at-Han (10.6, 10) for 3   Exciting Tonics obtained from  The Excitatron 6000. Can also drop directly in that dungeon.|1|1|0|6.3
Pod 602|284||Gold Saucer|Purchased from the Gold Saucer Attendant for  300,000 MGP after clearing  The Tower at Paradigm's Breach.|1|1|0|6.1
Polar Bear|250||Seasonal Event|Acquired in 2021 Seasonal Event Moonfire Faire (2021), Final Fantasy XIV Online Store - ($12 / £7.44 / €9 / ¥1320)|1|1|1|5.5
Portly Porxie|201||Society merchant|Purchased from Jul Oul in Il Mheg for  18 Fae Fancy after achieving Rank 7 (Sworn) reputation with the Pixie Tribe.|1|1|0|5.1
Porxie King|274||Promotion|Lawson Promotion (Japan) Gong Cha promotion for ordering 3 drinks (July - August, 2024 in North America, Europe, Oceania)|1|0|0|6.0
Prototype Conveyor|163||PvP (ranked)|Awarded to the Top 100 players of each data center at the end of The Feast (Season 8).|1|0|0|4.3
Prototype Roader|239||PvP (ranked)|Awarded to the Top 100 players of each data center at the end of The Feast (Season 16).|1|0|0|5.4
Pteranodon|216||Ishgardian Restoration|Awarded from the Achievement   Castle in the Sky by earning 500,000 points toward your skyward score as every Disciple of the Hand and Disciple of Land.|1|1|0|5.21
Punutiy|358||Society merchant|Purchased from Pavli in Kozama'uka (x37, y16)  for  18 after reaching Respected (Rank 5) reputation with the Turali Travel Agency.|1|1|0|7.1
Qeziigural|352||Treasure Hunt|Purchased from Uah'shepya in Solution Nine (X:8.6, Y:13.5) for 3   Twilight Gemstones obtained from  Cenote Ja Ja Gural.|1|1|0|7.05
Quaqua|338||Criterion Dungeons|Purchased from Trisassant in Old Sharlayan for  100 Aloalo Coins.|1|1|0|6.51
Raigo|102||PvP (Collaboration Event)|Awarded from the Achievement   Furious Fatalities by winning 60 Frontline, The Feast, Crystalline Conflict, or Rival Wings PVP matches with a Garo title.|1|1|0|3.5
Ramuh|219||Raids|Guaranteed drop upon completion of  Eden's Verse: Refulgence (Savage).|1|1|0|5.2
Rathalos|161||Trials|Random drop upon completion of  The Great Hunt (Extreme) or purchased from Smithy in Kugane for 50   Rathalos Scale+.|1|1|0|4.36
Red Baron|69||Online Store|Final Fantasy XIV Online Store - ($12 / £7.44 / €9 / ¥1320)|1|1|1|3.1
Red Hare|143||Online Store|Final Fantasy XIV Online Store - ($24 / £13.80 / €16.80 / ¥2530) (account-wide)|1|1|1|4.3
Regalia Type-G|151||Collaboration Event|Purchased for  200,000 MGP from Ironworks Vendor in The Gold Saucer during the Collaboration Event A Nocturne for Heroes.|4|0|0|4.5
Resplendent Vessel of Ronka|253||Purchased with Gil|Purchased from Tabeth in Eulmore, The Buttress (x10,y11) for  25,000,000 gil.|1|1|0|5.5
Reveling Kamuy|116||Trials|Random drop upon completion of  The Pool of Tribute (Extreme) or purchased from Eschina for 99   Revel Totems.|1|1|0|4.0
Rhiyes|330||Collaboration Event|Purchased from MGF Trader in The Gold Saucer for  410 MGF (Fall Guys Collaboration).|1|0|0|6.51
Rising Phoenix|320||Seasonal Event|The Rising (2023) Final Fantasy XIV Online Store - ($12 / £7.44 / €9 / ¥1320)|1|1|1|6.48
Rolling Tankard|223||Society merchant|Purchased from Mizutt in Lakeland for  18 Hammered Frogment after achieving Rank 7 (Sworn) reputation with the Dwarf Tribe.|1|1|0|5.3
Rose Lanner|76||Trials|Random drop upon completion of  Thok ast Thok (Extreme) or purchased from Bertana for 99   Hive Totems.|1|1|0|3.0
Round Lanner|77||Trials|Random drop upon completion of  The Minstrel's Ballad: Thordan's Reign or purchased from Bertana for 99   Heavens' Ward Helm Fragments.|1|1|0|3.0
Rroneek|350||Gathering|Purchased from Splendors Vendor in Solution Nine (X:9.1, Y:13.2) for 100   Mount Tokens (effectively  100,000 Orange Gatherers' Scrips).|1|1|0|7.0
Rubellite Carbuncle|220||Online Store|Final Fantasy XIV Online Store - ($24 / £13.80 / €16.80 / ¥2530) (account-wide)|1|1|1|5.2
Ruby Gwiber|217||Trials|Random drop upon completion of  Cinder Drift (Extreme) or purchased from C'intana for 99   Ruby Totems.|1|1|0|5.2
Sabotender de la Luna|333||Wondrous Tails|Purchased from Khloe Aliapoh for 1   Khloe's Gold Certificate of Commendation. Purchased from Faux Commander in Idyllshire (x5.7,y6.1) for  600 Faux Leaf|1|1|0|6.5
Sabotender Emperador|180||Gold Saucer|Purchased from the Gold Saucer Attendant for  2,000,000 MGP.|1|1|0|4.5
Safeguard System|168||PvP|Awarded from the Achievement   Front and Center V by winning 100 Frontline PvP matches.|1|1|0|4.3
Sanuwa|53||Society merchant|Purchased from Luna Vanu in The Sea of Clouds for  200,000 gil after achieving Rank 7 (Sworn) reputation with the Vanu Vanu Tribe.|1|1|0|3.1
SDS Fenrir|71||Online Store|Final Fantasy XIV Online Store - ($29.99 / £19.99 / €23.99 / ¥2310) (account-wide)|1|1|1|4.4
Set Of Ceruleum Balloons|310||Online Store|Final Fantasy XIV Online Store - ($24 / £13.80 / €16.80 / ¥2530) (account-wide)|1|1|1|6.3
Serpent Warsteed|37||PvP|Awarded from the Achievement   A Line in the Glade IV by winning 100 Frontline PvP matches with The Order of the Twin Adder (as the real Grand Company, not the one assigned during the match).|1|1|0|2.3
Shadow Gwiber|205||Trials|Random drop upon completion of  The Minstrel's Ballad: Hades's Elegy or purchased from Fathard for 99   Hades Totems.|1|1|0|5.1
Shadow Wolf|323||Online Store|Final Fantasy XIV Online Store - ($24 / £13.80 / €16.80 / ¥2530) (account-wide)|1|1|1|6.4
Shishioji|322||Criterion Dungeons|Purchased from Trisassant in Old Sharlayan (x12,y13.3) for  100 Shishu Coin.|1|1|0|6.45
Shroud Of Darkness|360||Chaotic Alliance Raid|Random drop upon completion of  The Cloud of Darkness (Chaotic) or purchased from Uah'shepya in Solution Nine (8.6, 13.5) for 99   Clouddark Demimateria I.|1|1|0|7.15
Sil'dihn Throne|303||Criterion Dungeons|Purchased from Trisassant in Old Sharlayan for  100 Sil'dihn Silver.|1|1|0|6.25
Silkie|304||Variant Dungeons|Awarded from the achievement   Dig Deep: The Sil'dihn Subterrane by unlocking all survey records in  The Sil'dihn Subterrane.|1|1|0|6.25
Skyslipper|188||Raids|Guaranteed drop upon completion of  Eden's Gate: Sepulture (Savage).|4|1|0|5.05
Sleipnir|42||Online Store|Final Fantasy XIV Online Store - ($24 / £13.80 / €16.80 / ¥2530) (account-wide)|1|1|1|2.38
Snowman|232||Seasonal Event|Acquired from Starlight Celebration (2020) Seasonal Event. Final Fantasy XIV Online Store - ($12 / £7.44 / €9 / ¥1320)|1|1|1|5.4
Snowstreamer|374||Promotion|Twitch campaign for buying 3 streamer subscriptions (Dec 2024).|1|0|0|7.11
Sophic Lanner|98||Trials|Random drop upon completion of  Containment Bay P1T6 (Extreme) or purchased from Bertana for 99   Goddess Totems.|1|1|0|3.4
Spriggan Stonecarrier|206||Online Store|Final Fantasy XIV Online Store - ($24 / £13.80 / €16.80 / ¥2530) (account-wide)|1|1|1|5.2
Spectral Statice|334||Variant Dungeons|Awarded from the achievement:   Good-willed Hunting by unlocking all conservation records on  Aloalo Island.|1|1|0|6.51
Starlight Bear|99||Seasonal Event|Reward for completing the Seasonal Event Quest Starlight Stakeout during Starlight Celebration (2017). Final Fantasy XIV Online Store - ($12 / £7.44 / €9 / ¥1320)|1|1|1|4.1
Starlight Steed|302||Seasonal Event|Reward for completing the Seasonal Event Quest The Ghost of Starlight Present during Starlight Celebration (2022). Final Fantasy XIV Online Store - ($12 / £7.44 / €9 / ¥1320)|1|1|1|6.25
Storm Warsteed|36||PvP|Awarded from the Achievement   A Line in the Storm IV by winning 100 Frontline PvP matches with The Maelstrom (as the real Grand Company, not the one assigned during the match).|1|1|0|2.3
Striped Ray|136||Society merchant|Purchased from Shikitahe in The Ruby Sea for  12 Kojin Sango after achieving Rank 8 (Bloodsworn) reputation with the Kojin Tribe.|1|1|0|4.1
Sunforged|305||Raids|Guaranteed drop upon completion of  Abyssos: The Eighth Circle (Savage).|1|1|0|6.2
Sunspun Cumulus|195||Online Store|Final Fantasy XIV Online Store - ($12 / £7.44 / €9 / ¥1320)|1|1|1|5.0
Syldra|111||Collector's Edition|Reward for purchasing the Collector's Edition or Digital Collector's Edition of Stormblood. (account-wide)|1|1|1|4.0
Torgal|326||Collaboration Event|Acquired during the Final Fantasy XVI Crossover: The Path Infernal Seasonal Event|1|0|0|6.58
Traveling Supporter|297||PvP Series Malmstones|PvP Series 4 Malmstones - Level 25 reward|1|0|0|6.4
Triceratops|190||The Hunt (Elite Marks)|Awarded from the Achievement   Nuts for Nutsy by defeating 2,000 A Rank Elite Marks and 1,000 S Rank Elite Marks in Shadowbringers areas.|1|1|0|5.0
Troll|288||Wondrous Tails|Purchased from Khloe Aliapoh for 1   Khloe's Gold Certificate of Commendation. Purchased from Faux Commander in Idyllshire (x5.7,y6.1) for  600 Faux Leaf|1|1|0|6.1
True Griffin|148||Society merchant|Purchased from Madhura in Gyr Abania for  18 Ananta Dreamstaff after achieving Rank 8 (Bloodsworn) reputation with the Ananta Tribe.|1|1|0|4.2
Twintania|59||Campaigns|Purchased from any Calamity Salvager for 15   Gold Chocobo Feathers. Gold Chocobo Feathers can be obtained through the Recruit a Friend campaign, or through World Population Balancing Incentives.|1|1|0|3.0
Ty'aitya|342||Shared FATEs|Purchased from Edelina in Mor Dhona (x22,y5) for 500   Turali Bicolor Gemstone Voucher (effectively  50,000 Bicolor Gemstones)|1|1|0|7.0
Typhon|154||Gold Saucer|Purchased from the Gold Saucer Attendant in Gold Saucer for  750,000 MGP.|1|1|0|4.4
Tyrannosaur|150||Field Operations (Eureka)|Random drop from   Anemos Lockboxes obtained from FATEs in  The Forbidden Land, Eureka Anemos.|1|1|0|4.25
Ufiti|211||Ishgardian Restoration|Purchased from Enie in The Firmament for  8,400 Skybuilders' Scrips.|1|1|0|5.11
UFO|290||Hildibrand Adventures|Complete the quest Gentlemen at Heart, the finale of the Somehow Further Hildibrand Adventures.|1|1|0|6.55
Ullr|351||The Hunt (Elite Marks)|Complete the achievement   Dawnbright Hunter by defeating 2,000 A Rank Elite Marks and 1,000 S Rank Elite Marks in Dawntrail areas.|1|1|0|7.0
Unicorn|15||Quest reward|Reward for leveling a   Conjurer to level 30 and completing the Sidequest Unicorn Power.|1|1|0|2.0
Vacuum Suit|364||Cosmic Exploration|Rare reward from Cosmic Fortune in Sinus Ardorum.|1|1|0|7.21
Venturous Kamuy|365||Wondrous Tails|Purchased from Khloe Aliapoh for 1   Khloe's Gold Certificate of Commendation. Purchased from Faux Commander in Idyllshire (x5.7,y6.1) for  600 Faux Leaf|1|1|0|7.1
Victor|267||The Hunt (Elite Marks)|Complete the achievement   Endgame Hunter by defeating 2,000 A Rank Elite Marks and 1,000 S Rank Elite Marks in Endwalker areas.|1|1|0|6.0
Vinegaroon|291||The Hunt|Purchased from J'lakshai at Old Sharlayan (11.8, 13.2) or Wilmetta at Radz-at-Han (10.5, 7.4) for  3,200 Sack of Nuts|1|1|0|6.1
War Panther|56||Duties as a Tank|Awarded from the Achievement   But Somebody's Gotta Do It (Dark Knight) by completing 200 high-level full party duties as a   Dark Knight.|1|1|0|3.0
Warbear|33||Duties as a Tank|Awarded from the Achievement   But Somebody's Gotta Do It (Warrior) by completing 200 high-level full party duties as a   Warrior.|1|1|0|2.2
Warlion|32||Duties as a Tank|Awarded from the Achievement   But Somebody's Gotta Do It (Paladin) by completing 200 high-level full party duties as a   Paladin.|1|1|0|2.2
Warring Lanner|78||Trials|Random drop upon completion of  Containment Bay S1T7 (Extreme) or purchased from Bertana for 99   Fiend Totems.|1|1|0|3.2
War Tiger|183||Duties as a Tank|Awarded from the Achievement   Tank You, Gunbreaker II by completing 200 dungeons (lv. 61 and above), extreme trials (lv. 61 and above), high-level duty roulette dungeons, or duty roulette leveling duties as a   Gunbreaker.|1|1|0|5.0
Whisper A-go-go|94||Collaboration Event|Awarded from the Achievement   More Inventory Slots, Please I by obtaining 13 out of the available 17 Yo-kai Weapons during the Collaboration Event Yo-kai Watch: Gather One, Gather All!.|1|0|0|3.35
Whisper-go|87||Collaboration Event|Awarded from the Achievement   You Must Needs Befriend Them All I by obtaining 13 out of the available 17 Yo-kai Minions during the Collaboration Event Yo-kai Watch: Gather One, Gather All!.|1|0|0|3.35
White Devil|68||Online Store|Final Fantasy XIV Online Store - ($12 / £7.44 / €9 / ¥1320)|1|1|1|3.1
White Lanner|75||Trials|Random drop upon completion of  The Limitless Blue (Extreme) or purchased from Bertana for 99   Expanse Totems.|1|1|0|3.0
Wings Of Eternity|363||Trials|Drops from  The Minstrel's Ballad: Sphene's Burden|1|1|0|7.1
Wings Of The Knighthood|389||Trials|Random drop upon completion of  Recollection (Extreme)|1|1|0|7.2
Wings Of Resolve|346||Trials|Random drop upon completion of  Everkeep (Extreme)|1|1|0|7.0
Wings Of Ruin|345||Trials|Random drop upon completion of  Worqor Lar Dor (Extreme)|1|1|0|7.0
Witch's Broom|62||Seasonal Event|Reward for completing the Seasonal Event Quest Sweeping the Meadows during All Saints' Wake (2015). Final Fantasy XIV Online Store - ($12 / £7.44 / €9 / ¥1320)|1|1|1|3.07
Wivre|273||Shared FATEs|Purchased from Edelina in Mor Dhona (x22,y5) for 500   Bicolor Gemstone Voucher (effectively  50,000 Bicolor Gemstones)|1|1|0|6.0
Wondrous Lanner|299||Wondrous Tails|Purchased from Khloe Aliapoh for 1   Khloe's Gold Certificate of Commendation Purchased from Faux Commander in Idyllshire (x5.7,y6.1) for  600 Faux Leaf|1|1|0|6.2
Wyvern|70||The Hunt|Purchased from Bertana in Idyllshire for 6   Clan Mark Logs (effectively  3,000 Centurio Seals).|1|1|0|3.1
Xanthos|29||Trials|Random drop upon completion of  The Howling Eye (Extreme).|1|1|0|2.2
Yol|125||Quest Reward (Main Scenario Quests)|Reward for completing the Main Scenario Quest In the Footsteps of Bardam the Brave.|1|1|0|4.0
Zu|73||Free Company Airships|Purchased from any Resident Caretaker for 1   Iron Voyage Spoil from Free Company airship ventures: Sea of Clouds - Sector 24.|1|1|0|3.2
Yan|400||Treasure Hunt|Random drop in  Vault Oneiron|1|1|0|7.3
Wings Of Death|407||Trials|Random drop upon completion of  The Minstrel's Ballad: Necron's Embrace|1|1|0|7.3
Shagcoat Cat|397||Online Store|Final Fantasy XIV Online Store - ($24 / £13.80 / €16.80 / ¥2530) (account-wide)|1|1|1|7.3
Ambulario|396||Seasonal Event|All Saints' Wake (2025).|1|0|1|7.3
Cosmoboard|402||Cosmic Exploration|Purchase from Mesouaidonque in Phaenna for 60 Phaenna Token Booklets.|1|1|0|7.31
Interstellar Dhalmel|401||Cosmic Exploration|Purchase from Mesouaidonque in any Cosmic Exploration zone for 29,000 cosmocredits.|1|1|0|7.31
Warp Loader|386||Cosmic Exploration|Rare reward from Cosmic Fortune in Phaenna or completing a Mech Ops as a pilot in Phaenna.|1|1|0|7.31
Chandelier of First Light|403||Deep Dungeons|Awarded from the Achievement   Faerie Favors by speaking with Aenc Daen while in possession of all four of the accessories of the First Light.|1|1|0|7.35
Felyne Support Team Cart|399||Trials|Rare drop from  The Windward Wilds or  The Windward Wilds (Extreme).Purchase from the Smithy in Tuliyollal for 99   Guardian Arkveld Certificate.|1|1|0|7.35
Forgiven Mimicry|395||Deep Dungeons|Purchase from Ose Wyd in Il Mheg for 99   First Light RelicRare drop from   Sack of First Light obtained from  Pilgrim's Traverse challenge logs /  The Final Verse /  The Final Verse (Quantum).|1|1|0|7.35
Ornamental Shrublet|408||Deep Dungeons|Possible drop from   Sack of Silvered Light obtained from  Pilgrim's Traverse (Stones 1-30).|1|1|0|7.35
Pilgrim's Protector|379||Deep Dungeons|Purchase from Ose Wyd in Il Mheg for 99   First Light RelicRare drop from   Sack of First Light obtained from  Pilgrim's Traverse challenge logs /  The Final Verse /  The Final Verse (Quantum).|1|1|0|7.35
Seikret|398||Quest reward| Quest "The White Wanderer".|1|1|0|7.35
Vurgar The Loyal|393||Society merchant|Purchased from Rarkorgor for  18 Yok Huy Ward after achieving rank reputation with the Yok Huy society.|1|1|0|7.35
